"id","name","description","rating","numberOfSaved","numberOfRating","preparationTime","servings","numberOfSteps","healthScore","notes","image","status","calories","protein","carbohydrate","sugar","sodium","fat","saturatedFat","submittedDate","steps","ingredients","tags","reviews","recipesToReport","member","membersWhoSave"
"6","Amish  tomato ketchup  for canning","My dh's amish mother raised him on this recipe. he much prefers it over store-bought ketchup. it was a taste i had to acquire, but now my ds's also prefer this type of ketchup. enjoy!","5.0","0","1","190","1","5","2","","download6.jpg","DELETED","352.9","3.0","28.0","337.0","23.0","1.0","0.0","2002-10-25","[mix all ingredients& boil for 2 1 / 2 hours , or until thick, pour into jars, i useold glass ketchup bottles, it is not necessary for these toseal, my amish mother-in-law has been making this her entire life , and has never used asealed jar for this recipe , and its always been great !]","[3 quarts tomato juice (40) null, null, null, null, null, null, null, 1 pint apple cider vinegar (41) null, null, null, null, null, null, null, 4 -5 cups sugar (42) null, null, null, null, null, null, null, 1/4 teaspoon pepper (44) null, null, null, null, null, null, null, 3 drops clove oil (45) null, null, null, null, null, null, null, 5 drops cinnamon oil (46) null, null, null, null, null, null, null, 4 tablespoons ground dry mustard (47) null, null, null, null, null, null, null, 1 teaspoon salt (43) null, null, null, null, null, null, null]","[weeknight, time-to-make, course, main-ingredient, cuisine, preparation, occasion, north-american, canning, condiments-etc, vegetables, american, heirloom-historical, holiday-event, vegetarian, dietary, amish-mennonite, northeastern-united-states, number-of-servings, technique, 4-hours-or-less]","[com.ad.teamnine.model.Review@1032385e]","[]","com.ad.teamnine.model.Member@5c4e71d8","[]"
"7","Apple a day  milk shake","","5.0","0","2","0","1","4","1","","download7.jpg","PUBLIC","160.2","9.0","7.0","55.0","3.0","10.0","20.0","1999-12-06","[combine ingredients in blender, cover and blend until smooth, sprinkle with ground cinnamon, makes about 2 cups]","[1 cup milk, cold (48) null, null, null, null, null, null, null, 1 scoop vanilla ice cream (49) null, null, null, null, null, null, null, 2 tablespoons frozen apple juice concentrate (50) null, null, null, null, null, null, null, 1/2 apple, pared and cut  (51) null, null, null, null, null, null, null]","[15-minutes-or-less, time-to-make, course, main-ingredient, cuisine, preparation, occasion, north-american, low-protein, 5-ingredients-or-less, beverages, fruit, american, easy, kid-friendly, dietary, low-sodium, shakes, low-calorie, low-in-something, apples, number-of-servings, presentation, served-cold, 3-steps-or-less]","[com.ad.teamnine.model.Review@59d5946d, com.ad.teamnine.model.Review@16c77815]","[]","com.ad.teamnine.model.Member@5dd3b7fa","[]"
"9","Backyard style  barbecued ribs","This recipe is posted by request and was originaly from chef sam choy's cookbook","5.0","1","1","120","4","10","0","","download9.jpg","PUBLIC","1109.5","96.0","36.0","378.0","275.0","83.0","86.0","2003-07-30","[in a medium saucepan combine all the ingredients for sauce#1 , bring to a full rolling boil , reduce heat to medium low and simmer for 1 hour , stirring often, rub the ribs with soy sauce , garlic , ginger , chili powder , pepper , salt and chopped cilantro , both sides !, wrap ribs in heavy duty foil, let stand 1 hour, preheat oven to 350 degrees, place ribs in oven for 1 hour , turning once after 30 minutes, 3 times during cooking the ribs open foil wrap and drizzle ribs with sauce#1, place all the ingredients for sauce#2 in a glass or plastic bowl , whisk well and set aside, remove ribs from oven and place on serving platter, offer both sauces at table to drizzle over ribs]","[2 lbs pork spareribs, membrane removed (61) null, null, null, null, null, null, null, 1/4 cup soy sauce (62) null, null, null, null, null, null, null, 2 tablespoons minced fresh garlic (63) null, null, null, null, null, null, null, 2 tablespoons peeled and minced fresh ginger (64) null, null, null, null, null, null, null, 1 tablespoon chili powder (65) null, null, null, null, null, null, null, 1 tablespoon fresh coarse ground black pepper (66) null, null, null, null, null, null, null, 1/2 cup chopped fresh cilantro leaves (67) null, null, null, null, null, null, null, 1 (15 ounce) can tomato sauce (68) null, null, null, null, null, null, null, 1 cup packed brown sugar (69) null, null, null, null, null, null, null, 1 cup minced yellow onion (70) null, null, null, null, null, null, null, 1/4 cup white vinegar (71) null, null, null, null, null, null, null, 1/4 cup honey (72) null, null, null, null, null, null, null, 1 tablespoon minced fresh garlic (73) null, null, null, null, null, null, null, 1 tablespoon A.1. Original Sauce or 1 tablespoon HP steak sauce (74) null, null, null, null, null, null, null, 1 teaspoon liquid smoke (75) null, null, null, null, null, null, null, 1 teaspoon chili powder (76) null, null, null, null, null, null, null, 1 teaspoon medium cracked black pepper (77) null, null, null, null, null, null, null, 1/2 teaspoon cumin (78) null, null, null, null, null, null, null, 1/2 teaspoon dry mustard (79) null, null, null, null, null, null, null, 3 inches cinnamon sticks (80) null, null, null, null, null, null, null, 1 cup soy sauce (81) null, null, null, null, null, null, null, 1 medium orange, juice of (82) null, null, null, null, null, null, null, 1/2 cup mirin (japanese sweet rice wine) (83) null, null, null, null, null, null, null, 1/2 cup water (84) null, null, null, null, null, null, null, 1/4 cup packed brown sugar (85) null, null, null, null, null, null, null, 2 teaspoons minced fresh garlic (86) null, null, null, null, null, null, null, 2 teaspoons minced fresh ginger (87) null, null, null, null, null, null, null, 1 teaspoon salt (43) null, null, null, null, null, null, null]","[weeknight, time-to-make, course, main-ingredient, cuisine, preparation, occasion, north-american, south-west-pacific, main-dish, pork, oven, holiday-event, stove-top, hawaiian, spicy, copycat, independence-day, meat, pork-ribs, super-bowl, novelty, taste-mood, savory, sweet, equipment, 4-hours-or-less]","[com.ad.teamnine.model.Review@264d1a32]","[]","com.ad.teamnine.model.Member@64f71088","[com.ad.teamnine.model.Member@351ec083]"
"10","Bananas 4 ice cream  pie","","5.0","0","2","180","1","8","0","","download10.jpg","PUBLIC","4270.8","127.0","220.0","1306.0","111.0","254.0","431.0","2003-09-10","[crumble cookies into a 9-inch pie plate , or cake pan, pat down to form an even layer, drizzle 1 cup of chocolate topping evenly over the cookies with a small spoon, scoop the vanilla ice cream on top of the chocolate and smooth down, cover with half of the sliced bananas, top with strawberry ice cream, cover and freeze until firm, before serving , top with 1 / 4 cup chocolate topping , whipped cream , and sliced bananas]","[12 chocolate sandwich style cookies (88) null, null, null, null, null, null, null, 1 1/4 cups chocolate syrup (89) null, null, null, null, null, null, null, 4 cups vanilla ice cream, softened (90) null, null, null, null, null, null, null, 2 bananas, sliced (91) null, null, null, null, null, null, null, 4 cups strawberry ice cream, softened (92) null, null, null, null, null, null, null, whipped cream (93) null, null, null, null, null, null, null]","[weeknight, time-to-make, course, main-ingredient, preparation, pies-and-tarts, desserts, lunch, snacks, no-cook, refrigerator, kid-friendly, frozen-desserts, pies, chocolate, dietary, inexpensive, equipment, number-of-servings, technique, 4-hours-or-less]","[com.ad.teamnine.model.Review@4be1df2c, com.ad.teamnine.model.Review@2df65180]","[]","com.ad.teamnine.model.Member@5406c63c","[]"
"19","Cream  of cauliflower soup  vegan","This is a dairy free","5.0","0","1","110","6","10","3","","download9.jpg","PUBLIC","174.2","15.0","10.0","24.0","1.0","4.0","1.0","2002-03-28","[heat the oil or margarine in a soup pot and add the onion and garlic, saute over medium heat until the onion is golden , about 10 minutes, add the cauliflower , potatoes , water , and seasonings, there should be enough broth to cover all but about an inch of the veggies, bring to a simmer , then simmer gently covered until the veggies are tender , about 25 minutes, remove from the heat transfer the vegetables from the soup pot to a food processor or blender and puree in batches until smooth, puree about half of the beans with each of the two batches of vegetables, transfer the puree back into the soup pot , stirring it back into whatever liquid remained, let the soup stand for 1-2 hours before serving , then heat through as needed, ladle into soup bowls and garnish the tops with 2-3 garnishes]","[1 tablespoon canola oil or 1 tablespoon soy margarine (146) null, null, null, null, null, null, null, 1 cup chopped onion (147) null, null, null, null, null, null, null, 2 -4 cloves garlic, minced (148) null, null, null, null, null, null, null, 1 head cauliflower, chopped into 2  chunks (149) null, null, null, null, null, null, null, 2 medium potatoes, peeled and diced (150) null, null, null, null, null, null, null, 2 vegetable bouillon cubes (151) null, null, null, null, null, null, null, 6 cups water, with 2 bouillon cubes (152) null, null, null, null, null, null, null, 2 teaspoons salt free herb and spice seasoning mix (153) null, null, null, null, null, null, null, 1 teaspoon ground coriander (154) null, null, null, null, null, null, null, 1 cup canned great northern bean, drained and rinsed (155) null, null, null, null, null, null, null, salt and pepper (14) null, null, null, null, null, null, null, 1 cup steamed finely chopped broccoli floret (156) null, null, null, null, null, null, null, 1 cup steamed chopped escarole or 1 cup kale (157) null, null, null, null, null, null, null, 3/4 cup steamed fresh green peas (158) null, null, null, null, null, null, null, 1 large red bell pepper, steamed,cut into strips (from 1 large pepper) (159) null, null, null, null, null, null, null, 1/2 cup chopped fresh herb (such as a combination of parsley, dill, chives and oregano) (160) null, null, null, null, null, null, null]","[lactose, weeknight, time-to-make, course, main-ingredient, cuisine, preparation, occasion, north-american, bisques-cream-soups, soups-stews, potatoes, vegetables, american, spring, vegan, vegetarian, food-processor-blender, stove-top, dietary, seasonal, free-of-something, cauliflower, equipment, small-appliance, 4-hours-or-less]","[com.ad.teamnine.model.Review@439bf2f]","[]","com.ad.teamnine.model.Member@28e6158b","[]"
"17","Chinese  candy","A little different, and oh so good. i include these when making up candy trays, as gifts, at christmas time.","4.8","0","12","15","1","4","2","","download7.jpg","PUBLIC","232.7","6.0","8.0","77.0","4.0","21.0","38.0","2002-03-29","[melt butterscotch chips in heavy saucepan over low heat, fold in peanuts and chinese noodles until coated, drop by tablespoon onto waxed paper, let stand in cool place until firm]","[2 (12 ounce) packages butterscotch chips (136) null, null, null, null, null, null, null, 1 (5 ounce) package crunchy chinese noodles (137) null, null, null, null, null, null, null, 7 ounces salted peanuts (138) null, null, null, null, null, null, null]","[15-minutes-or-less, time-to-make, course, preparation, occasion, 5-ingredients-or-less, desserts, easy, kid-friendly, candy, dietary, number-of-servings]","[com.ad.teamnine.model.Review@4e1768a3, com.ad.teamnine.model.Review@33c82329, com.ad.teamnine.model.Review@7ad7fc78, com.ad.teamnine.model.Review@3b62e2af, com.ad.teamnine.model.Review@696231a1, com.ad.teamnine.model.Review@2513ddc9, com.ad.teamnine.model.Review@2670367d, com.ad.teamnine.model.Review@380e7b7, com.ad.teamnine.model.Review@16e4009d, com.ad.teamnine.model.Review@764922b0, com.ad.teamnine.model.Review@318ba464, com.ad.teamnine.model.Review@3534116e]","[]","com.ad.teamnine.model.Member@20181ec8","[]"
"20","Cream  of spinach soup","Wonderful comfort food from rozanne gold, a favorite cookbook author. this is a creamless creamed soup and it's delicious. it's made thick with potatoes and rich with butter. the color of this soup is stunning.","4.7","0","3","45","1","9","2","","download10.jpg","PUBLIC","126.0","5.0","4.0","2.0","14.0","11.0","23.0","2003-11-17","[bring water and salt to a boil, cut the potatoes in half lengthwise , and then into 1 / 2 thick slices, boil over medium-high heat for twenty minutes, add the spinach and boil another 10 minutes being careful to not overcook in order to maintain its bright green color, drain , reserving 1 1 / 4 cups cooking liquid, in a food processor , process the potatoes and spinach until very smooth , adding the butter 1 / 2 t at a time, return the puree to the pot and add the reserved liquid until the desired consistency, reheat slowly and season with salt and pepper, ladle into shallow soup plates and garnish with nutmeg or shaved cheese]","[4 cups water (161) null, null, null, null, null, null, null, 1/2 teaspoon salt (162) null, null, null, null, null, null, null, 8 ounces boiling potatoes (163) null, null, null, null, null, null, null, 8 ounces fresh spinach leaves, stems removed (164) null, null, null, null, null, null, null, 2 1/2 tablespoons unsalted butter (165) null, null, null, null, null, null, null, coarse salt (166) null, null, null, null, null, null, null, fresh ground black pepper (167) null, null, null, null, null, null, null, garnish of freshly grated nutmeg or shaved parmigiano-reggiano cheese (168) null, null, null, null, null, null, null]","[60-minutes-or-less, time-to-make, course, main-ingredient, preparation, occasion, low-protein, healthy, bisques-cream-soups, lunch, soups-stews, vegetables, easy, beginner-cook, fall, holiday-event, spring, winter, food-processor-blender, stove-top, dietary, low-sodium, low-cholesterol, seasonal, low-calorie, comfort-food, low-carb, st-patricks-day, inexpensive, healthy-2, low-in-something, greens, spinach, taste-mood, savory, equipment, small-appliance, number-of-servings, presentation, served-hot]","[com.ad.teamnine.model.Review@72d0c9b, com.ad.teamnine.model.Review@2569b3df, com.ad.teamnine.model.Review@262be2bf]","[]","com.ad.teamnine.model.Member@8979b76","[]"
"2","Arriba   baked winter squash mexican style","Autumn is my favorite time of year to cook! this recipe 
can be prepared either spicy or sweet, your choice!
two of my posted mexican-inspired seasoning mix recipes are offered as suggestions.","4.6","1","5","55","3","11","2","","download2.jpg","DELETED","51.5","2.0","4.0","13.0","0.0","0.0","0.0","2005-09-16","[make a choice and proceed with recipe, depending on size of squash , cut into half or fourths, remove seeds, for spicy squash , drizzle olive oil or melted butter over each cut squash piece, season with mexican seasoning mix ii, for sweet squash , drizzle melted honey , butter , grated piloncillo over each cut squash piece, season with sweet mexican spice mix, bake at 350 degrees , again depending on size , for 40 minutes up to an hour , until a fork can easily pierce the skin, be careful not to burn the squash especially if you opt to use sugar or butter, if you feel more comfortable , cover the squash with aluminum foil the first half hour , give or take , of baking, if desired , season with salt]","[1 lb winter squash (such as hubbard, acorn, delicata, spaghetti, etc.) (3) null, null, null, null, null, null, null, 1 -2 teaspoon Mexican seasoning, mix to taste (see my u003ca hrefu003dhttps://www.geniuskitchen.com/recipe/mexican-seasoning-mix-ii-salt-free-137254u003eMexican Seasoning Mix II (Salt Free)u003c/au003e) (4) null, null, null, null, null, null, null, 1 -2 teaspoon mexican mixed spice, to taste (see my u003ca hrefu003dhttps://www.geniuskitchen.com/recipe/sweet-mexican-spice-seasoning-mix-137681u003eSweet Mexican Spice Seasoning Mixu003c/au003e) (5) null, null, null, null, null, null, null, honey (or piloncillo) (6) null, null, null, null, null, null, null, butter (7) null, null, null, null, null, null, null, olive oil (8) null, null, null, null, null, null, null, salt (9) null, null, null, null, null, null, null]","[60-minutes-or-less, time-to-make, course, main-ingredient, cuisine, preparation, occasion, north-american, side-dishes, vegetables, mexican, easy, fall, holiday-event, vegetarian, winter, dietary, christmas, seasonal, squash]","[com.ad.teamnine.model.Review@6eabadad, com.ad.teamnine.model.Review@736c5cf7, com.ad.teamnine.model.Review@64895910, com.ad.teamnine.model.Review@11e17990, com.ad.teamnine.model.Review@42cc5b22]","[com.ad.teamnine.model.RecipeReport@3084c413]","com.ad.teamnine.model.Member@46fca450","[com.ad.teamnine.model.Member@351ec083]"
"5","Alouette  potatoes","This is a super easy, great tasting, make ahead side dish that looks like you spent a lot more time preparing than you actually do. plus, most everything is done in advance. the times do not reflect the standing time of the potatoes.","4.5","0","2","45","6","11","4","","download5.jpg","PUBLIC","368.1","14.0","20.0","10.0","2.0","17.0","8.0","2003-04-14","[place potatoes in a large pot of lightly salted water and bring to a gentle boil, cook until potatoes are just tender, drain, place potatoes in a large bowl and add all ingredients except thealouette, mix well and transfer to a buttered 8x8 inch glass baking dish with 2 inch sides, press the potatoes with a spatula to make top as flat as possible, set aside for 2 hours at room temperature, preheat oven to 350^f, spreadalouette evenly over potatoes and bake 15 minutes, divide between plates, garnish with finely diced red and yellow bell peppers]","[2 (4 ounce) packages alouette spreadable cheese with garlic and herbs (29) null, null, null, null, null, null, null, 12 large new potatoes, sliced 1/4 inch thick (30) null, null, null, null, null, null, null, 2 shallots, diced finely (31) null, null, null, null, null, null, null, 2 teaspoons chopped parsley (32) null, null, null, null, null, null, null, 1 teaspoon chopped tarragon (33) null, null, null, null, null, null, null, 5 tablespoons olive oil (34) null, null, null, null, null, null, null, 2 tablespoons red wine vinegar (35) null, null, null, null, null, null, null, 1/8 teaspoon salt (36) null, null, null, null, null, null, null, 1/8 teaspoon pepper (37) null, null, null, null, null, null, null, garnish-finely diced red bell pepper (38) null, null, null, null, null, null, null, garnish-finely diced yellow bell pepper (39) null, null, null, null, null, null, null]","[60-minutes-or-less, time-to-make, course, main-ingredient, preparation, occasion, side-dishes, eggs-dairy, potatoes, vegetables, oven, easy, dinner-party, holiday-event, easter, cheese, stove-top, dietary, christmas, new-years, thanksgiving, independence-day, st-patricks-day, valentines-day, inexpensive, brunch, superbowl, equipment, presentation, served-hot]","[com.ad.teamnine.model.Review@64a6b071, com.ad.teamnine.model.Review@76bb91ca]","[]","com.ad.teamnine.model.Member@15083fc1","[]"
"11","Best taste","From ann hodgman's","4.4","0","5","70","1","12","0","","download.jpg","PUBLIC","2669.3","62.0","138.0","976.0","107.0","160.0","310.0","2003-11-04","[preheat oven to 350 degrees, butter two 9x5 loaf pans, cream the sugar and the butter until light and whipped, add the bananas , eggs , lemon juice , orange rind, beat until blended uniformly, be patient , and beat until the banana lumps are gone, sift the dry ingredients together, fold lightly and thoroughly into the banana mixture, pour the batter into prepared loaf pans, bake for 45 to 55 minutes , until the loaves are firm in the middle and the edges begin to pull away from the pans, cool the loaves on racks for 30 minutes before removing from the pans, freezes well]","[2 cups sugar (94) null, null, null, null, null, null, null, 1 cup unsalted butter, room temperature (95) null, null, null, null, null, null, null, 6 medium very ripe bananas (96) null, null, null, null, null, null, null, 4 large eggs, well beaten (97) null, null, null, null, null, null, null, 1 tablespoon fresh lemon juice (98) null, null, null, null, null, null, null, 2 teaspoons grated orange rind (99) null, null, null, null, null, null, null, 2 1/2 cups cake flour, sifted (100) null, null, null, null, null, null, null, 2 teaspoons baking soda (101) null, null, null, null, null, null, null, 1 teaspoon salt (43) null, null, null, null, null, null, null]","[weeknight, time-to-make, course, main-ingredient, preparation, occasion, breads, breakfast, fruit, oven, dietary, oamc-freezer-make-ahead, quick-breads, tropical-fruit, bananas, brunch, equipment, number-of-servings, 4-hours-or-less]","[com.ad.teamnine.model.Review@633cd3b7, com.ad.teamnine.model.Review@7060519b, com.ad.teamnine.model.Review@38f0fc52, com.ad.teamnine.model.Review@6f438012, com.ad.teamnine.model.Review@34bb2768]","[]","com.ad.teamnine.model.Member@484afbc7","[]"
"15","Chicken lickin  good  pork chops","Here's and old standby i enjoy from time to time. it's from an old newspaper clipping i cut out years ago. very tasty.","4.4","0","19","500","6","5","3","","download5.jpg","PUBLIC","105.7","5.0","3.0","0.0","26.0","8.0","4.0","2003-06-06","[dredge pork chops in mixture of flour , salt , dry mustard and garlic powder, brown in oil in a large skillet, place browned pork chops in a crock pot, add the can of soup , undiluted, cover and cook on low for 6-8 hours]","[6 -8 lean pork chops, 1 inch thick (125) null, null, null, null, null, null, null, 1/2 cup flour (126) null, null, null, null, null, null, null, 1 1/2 teaspoons dry mustard (127) null, null, null, null, null, null, null, 1/2 teaspoon garlic powder (128) null, null, null, null, null, null, null, 2 tablespoons oil (129) null, null, null, null, null, null, null, 1 can chicken rice soup, undiluted  (130) null, null, null, null, null, null, null, 1 teaspoon salt (43) null, null, null, null, null, null, null]","[weeknight, time-to-make, course, main-ingredient, preparation, main-dish, pork, crock-pot-slow-cooker, dietary, meat, pork-chops, equipment]","[com.ad.teamnine.model.Review@202df29a, com.ad.teamnine.model.Review@25fbdfc2, com.ad.teamnine.model.Review@23d152be, com.ad.teamnine.model.Review@2e9f01d8, com.ad.teamnine.model.Review@1ec9a767, com.ad.teamnine.model.Review@6214198a, com.ad.teamnine.model.Review@5f9d4e95, com.ad.teamnine.model.Review@7ca0a39, com.ad.teamnine.model.Review@754bcb29, com.ad.teamnine.model.Review@240a8134, com.ad.teamnine.model.Review@289f438, com.ad.teamnine.model.Review@71e9a6e, com.ad.teamnine.model.Review@42ad8fd9, com.ad.teamnine.model.Review@2c4f21c4, com.ad.teamnine.model.Review@485bd1d6, com.ad.teamnine.model.Review@5a6bec5, com.ad.teamnine.model.Review@3796412, com.ad.teamnine.model.Review@6253a92e, com.ad.teamnine.model.Review@4d52c1ce]","[]","com.ad.teamnine.model.Member@1b2368c9","[]"
"4","All in the kitchen  chili","This modified version of 'mom's' chili was a hit at our 2004 christmas party. we made an extra large pot to have some left to freeze but it never made it to the freezer. it was a favorite by all. perfect for any cold and rainy day. you won't find this one in a cookbook. it is truly an original.","4.0","0","1","130","10","6","1","","download4.jpg","PUBLIC","269.8","39.0","5.0","32.0","48.0","22.0","27.0","2005-02-25","[brown ground beef in large pot, add chopped onions to ground beef when almost brown and sautee until wilted, add all other ingredients, add kidney beans if you like beans in your chili, cook in slow cooker on high for 2-3 hours or 6-8 hours on low, serve with cold clean lettuce and shredded cheese]","[2 lbs ground beef (16) null, null, null, null, null, null, null, 1 1/2 medium yellow onions (17) null, null, null, null, null, null, null, 1 (15 ounce) can diced tomatoes (18) null, null, null, null, null, null, null, 1 (6 ounce) can tomato paste (19) null, null, null, null, null, null, null, 1 (15 ounce) can tomato soup (20) null, null, null, null, null, null, null, 1 (11 ounce) can Rotel Tomatoes (21) null, null, null, null, null, null, null, 2 (15 ounce) cans kidney beans (22) null, null, null, null, null, null, null, 1 cup water (23) null, null, null, null, null, null, null, 4 1/2 tablespoons chili powder (24) null, null, null, null, null, null, null, 2 teaspoons ground cumin (25) null, null, null, null, null, null, null, 2 teaspoons salt (26) null, null, null, null, null, null, null, lettuce (27) null, null, null, null, null, null, null, shredded cheddar cheese (28) null, null, null, null, null, null, null]","[time-to-make, course, preparation, main-dish, chili, crock-pot-slow-cooker, dietary, equipment, 4-hours-or-less]","[com.ad.teamnine.model.Review@6fb48577]","[]","com.ad.teamnine.model.Member@3e41c8ee","[]"
"16","Chile rellenos","A favorite from a local restaurant no longer in business. not an authentic mexican chile relleno, but a crispy, flaky version.","4.0","0","22","45","8","9","3","","download6.jpg","PUBLIC","94.0","11.0","0.0","0.0","11.0","10.0","21.0","2002-10-14","[drain green chiles, sprinkle cornstarch on sheet pan, open up chile and place on egg roll wrapper with corner facing you, place cheese stick on chile and roll up , tucking in corners and moistening edges to seal, toss in cornstarch , dusting liberally, shake off excess cornstarch and deep fry in 350 oil to cover until lightly golden and cheese just starts to ooze out, drain on paper towels and keep warm in 250 oven, serve as a side dish or appetizer with your favorite mexican meal, add your favorite condi- ments / sauces]","[1 package egg roll wrap (131) null, null, null, null, null, null, null, 3 cans whole green chilies (132) null, null, null, null, null, null, null, 8 ounces cheese (Cheddar,jack or pepper jack cut in one ounce sticks) (133) null, null, null, null, null, null, null, 1/2 box cornstarch (134) null, null, null, null, null, null, null, oil (for deep frying) (135) null, null, null, null, null, null, null]","[60-minutes-or-less, time-to-make, course, main-ingredient, cuisine, preparation, north-american, 5-ingredients-or-less, appetizers, side-dishes, eggs-dairy, american, southwestern-united-states, easy, vegetarian, cheese, deep-fry, dietary, oamc-freezer-make-ahead, number-of-servings, technique]","[com.ad.teamnine.model.Review@68a074c2, com.ad.teamnine.model.Review@5dddb193, com.ad.teamnine.model.Review@405dceaf, com.ad.teamnine.model.Review@5899ffa0, com.ad.teamnine.model.Review@5487d1f5, com.ad.teamnine.model.Review@7689a0c4, com.ad.teamnine.model.Review@2c0ba572, com.ad.teamnine.model.Review@20bda7e0, com.ad.teamnine.model.Review@20c5accc, com.ad.teamnine.model.Review@799d47b, com.ad.teamnine.model.Review@7b7b643, com.ad.teamnine.model.Review@7d27285a, com.ad.teamnine.model.Review@528b91fd, com.ad.teamnine.model.Review@744cba0a, com.ad.teamnine.model.Review@498691bf, com.ad.teamnine.model.Review@15a135cc, com.ad.teamnine.model.Review@71444298, com.ad.teamnine.model.Review@24700214, com.ad.teamnine.model.Review@988333, com.ad.teamnine.model.Review@108a9c29, com.ad.teamnine.model.Review@5d7ecd2c, com.ad.teamnine.model.Review@2473a9d1]","[]","com.ad.teamnine.model.Member@2a234f4f","[]"
"14","Better then bush s  baked beans","I'd have to say that this is a labor of love dish, but i give you my word that this recipe is better than bush's. enjoy! oh, and also this recipe is easily doubled. in fact, i think it turns out better when it is.","3.9","0","10","2970","6","9","2","","download4.jpg","PUBLIC","462.4","14.0","23.0","214.0","69.0","28.0","29.0","2003-07-26","[in a very large sauce pan cover the beans and bouillon cubes in 3 inches of water, bring to a boil , cover , and let sit for 1 1 / 2 hours, preheat oven to 350 degrees f, drain and pour beans into a 9x11 pan, add the rest over the ingredients , stir , and bake until all the water has evaporated , about 3 hours, remove from oven , cover , and let sit overnight, preheat oven to 350 degrees f, add the next 5 cups of water , and bake until all the water has evaporated , about 3 hours, serving suggestions: challah bread , steak , hamburgers]","[1 package great northern bean (112) null, null, null, null, null, null, null, 4 chicken bouillon cubes or 4 beef bouillon cubes (113) null, null, null, null, null, null, null, 1 1/4 cups dark brown sugar (114) null, null, null, null, null, null, null, 1/4 cup molasses (115) null, null, null, null, null, null, null, 1/4 cup cornstarch (116) null, null, null, null, null, null, null, 1/4 cup onion (117) null, null, null, null, null, null, null, 1/4 cup garlic powder (118) null, null, null, null, null, null, null, 1 1/2 teaspoons mustard powder (119) null, null, null, null, null, null, null, 5 tablespoons chili powder (120) null, null, null, null, null, null, null, 1 1/2 teaspoons salt (121) null, null, null, null, null, null, null, 1 1/2 teaspoons black pepper (122) null, null, null, null, null, null, null, 1/2 package hickory smoked thick cut bacon, cut into 1 1/2 inch strips (123) null, null, null, null, null, null, null, 5 cups water, plus 5 cups for second bake  (124) null, null, null, null, null, null, null]","[weeknight, time-to-make, course, main-ingredient, cuisine, preparation, occasion, north-american, side-dishes, beans, american, 1-day-or-more, oven, potluck, to-go, equipment]","[com.ad.teamnine.model.Review@634529f7, com.ad.teamnine.model.Review@2f07b408, com.ad.teamnine.model.Review@3610d241, com.ad.teamnine.model.Review@14309f42, com.ad.teamnine.model.Review@1655754b, com.ad.teamnine.model.Review@39942d00, com.ad.teamnine.model.Review@100038df, com.ad.teamnine.model.Review@7cf62d81, com.ad.teamnine.model.Review@4e83aaa4, com.ad.teamnine.model.Review@68bf0771]","[]","com.ad.teamnine.model.Member@10e5b4c2","[]"
"13","Better than sex  strawberries","Simple but sexy. this was in my local newspaper's food section. cook time reflects refrigeration time.  i've been asked several times if this should be baked.  just to clarify, no, it is not, it is a refrigerator dessert. i'm not sure why it contains raw egg, but most tiramisu recipes do too.","3.8","0","5","1460","8","8","2","","download3.jpg","PUBLIC","734.1","10.0","28.0","199.0","10.0","66.0","117.0","2002-10-03","[crush vanilla wafers into fine crumbs and line a square 8 x8 pan, mix butter or margarine and sugar, add beaten eggs, spread the mixture over the wafer crumbs, crush strawberries and spread over sugar , egg , and butter mixture, cover strawberries with whipped cream, sprinkle with chopped nuts, chill 24 hours]","[1 (12 ounce) box vanilla wafers, crushed (105) null, null, null, null, null, null, null, 1/2 cup butter or 1/2 cup margarine (106) null, null, null, null, null, null, null, 1 box (16 oz.) powdered sugar (or less) (107) null, null, null, null, null, null, null, 2 eggs, beaten (108) null, null, null, null, null, null, null, 1 pint whipping cream (109) null, null, null, null, null, null, null, 1 quart strawberry (110) null, null, null, null, null, null, null, chopped walnuts (111) null, null, null, null, null, null, null]","[weeknight, time-to-make, course, main-ingredient, preparation, occasion, low-protein, pies-and-tarts, desserts, fruit, 1-day-or-more, pies, dietary, low-sodium, comfort-food, low-in-something, berries, strawberries, taste-mood]","[com.ad.teamnine.model.Review@58eed8d7, com.ad.teamnine.model.Review@79fc93, com.ad.teamnine.model.Review@43789deb, com.ad.teamnine.model.Review@31dea286, com.ad.teamnine.model.Review@39f62ad8]","[]","com.ad.teamnine.model.Member@1903d2d3","[]"
"3","A bit different  breakfast pizza","This recipe calls for the crust to be prebaked a bit before adding ingredients. feel free to change sausage to ham or bacon. this warms well in the microwave for those late risers.","3.5","0","4","30","6","9","3","","download3.jpg","DELETED","173.4","22.0","1.0","0.0","17.0","18.0","35.0","2002-06-17","[preheat oven to 425 degrees f, press dough into the bottom and sides of a 12 inch pizza pan, bake for 5 minutes until set but not browned, cut sausage into small pieces, whisk eggs and milk in a bowl until frothy, spoon sausage over baked crust and sprinkle with cheese, pour egg mixture slowly over sausage and cheese, s& p to taste, bake 15-20 minutes or until eggs are set and crust is brown]","[1 (10 ounce) can prepared pizza crust (or use your favorite recipe) (10) null, null, null, null, null, null, null, 1 (7 ounce) package prebrowned sausage patty, thawed (11) null, null, null, null, null, null, null, 3 eggs (12) null, null, null, null, null, null, null, 1/2 cup milk (13) null, null, null, null, null, null, null, 2 cups shredded cheese (pizza-style or use your favorite) (15) null, null, null, null, null, null, null, salt and pepper (14) null, null, null, null, null, null, null]","[30-minutes-or-less, time-to-make, course, main-ingredient, cuisine, preparation, occasion, north-american, breakfast, main-dish, pork, american, oven, easy, kid-friendly, pizza, dietary, northeastern-united-states, meat, equipment]","[com.ad.teamnine.model.Review@77683920, com.ad.teamnine.model.Review@6b08ec2d, com.ad.teamnine.model.Review@41c83595, com.ad.teamnine.model.Review@7514eba1]","[com.ad.teamnine.model.RecipeReport@799b2280]","com.ad.teamnine.model.Member@440ccaf0","[]"
"12","Berry  good sandwich spread","Horseradish is one of my favorite condiments as well as cranberry sauce. this is sweet and hot. i enjoy it on a smoked turkey & swiss sandwich, but also good alongside baked ham or roast beef.","3.0","0","1","5","12","2","2","","download2.jpg","PUBLIC","79.2","0.0","5.0","58.0","0.0","3.0","6.0","2005-01-25","[in medium size bowl , coarsely mash cranberry sauce, stir in sour cream and horseradish until well blended]","[1 (16 ounce) can whole berry cranberry sauce (102) null, null, null, null, null, null, null, 1/2 cup sour cream (103) null, null, null, null, null, null, null, 2 tablespoons prepared horseradish (104) null, null, null, null, null, null, null]","[15-minutes-or-less, time-to-make, course, preparation, low-protein, healthy, 5-ingredients-or-less, condiments-etc, easy, dietary, low-sodium, low-in-something, 3-steps-or-less]","[com.ad.teamnine.model.Review@cbd36c7]","[]","com.ad.teamnine.model.Member@2f289488","[]"
"8","Aww  marinated olives","My italian mil was thoroughly impressed by my non-italian treatment of her olives. they are great appetizers and condiments to your fav pasta.(from the vancouver sun) ps. cook time include fridge time","2.0","0","1","15","1","4","2","","download8.jpg","PUBLIC","380.7","6.0","6.0","7.0","24.0","53.0","24.0","2002-04-14","[toast the fennel seeds and lightly crush them, place all the ingredients in a bowl , stir well, cover and leave to marinate, keep refrigerated and use within 1 to 2 days]","[1 1/2 teaspoons fennel seeds (52) null, null, null, null, null, null, null, 1 cup green olives (53) null, null, null, null, null, null, null, 1 cup ripe olives (54) null, null, null, null, null, null, null, 1 clove garlic, sliced (55) null, null, null, null, null, null, null, 1 teaspoon peppercorn (56) null, null, null, null, null, null, null, 1 tablespoon grated orange rind (57) null, null, null, null, null, null, null, 1 tablespoon orange juice (58) null, null, null, null, null, null, null, 1 red chile, seeded and chopped (59) null, null, null, null, null, null, null, 4 tablespoons extra virgin olive oil (60) null, null, null, null, null, null, null]","[15-minutes-or-less, time-to-make, course, main-ingredient, cuisine, preparation, occasion, north-american, appetizers, fruit, canadian, dinner-party, vegan, vegetarian, freezer, dietary, equipment, number-of-servings]","[com.ad.teamnine.model.Review@1567b442]","[]","com.ad.teamnine.model.Member@371b5f99","[]"
"18","Chinese  chop suey","Easy one-pot dinner.","2.0","0","4","70","6","8","1","","download8.jpg","PUBLIC","395.4","51.0","8.0","20.0","29.0","31.0","33.0","2001-01-27","[brown ground meat and onion in a large pot, add 1 / 4 cup of soy sauce, thinly slice the entire bunch of celery , including the leaves, add beef broth and celery, bring to a boil, reduce heat and simmer until celery is tender, add more soy sauce if needed , to taste, serve as an open face sandwich over a hamburger bun]","[1 bunch celery (including leafy ends) (139) null, null, null, null, null, null, null, 1 large onion, chopped (140) null, null, null, null, null, null, null, 1 lb ground pork (or ground beef) (141) null, null, null, null, null, null, null, soy sauce (142) null, null, null, null, null, null, null, 4 cups beef broth or 4 cups bouillon (143) null, null, null, null, null, null, null, 1 tablespoon cooking oil (144) null, null, null, null, null, null, null, 6 -10 hamburger buns (145) null, null, null, null, null, null, null]","[weeknight, time-to-make, course, main-ingredient, cuisine, preparation, occasion, north-american, main-dish, beef, pork, vegetables, american, potluck, dinner-party, heirloom-historical, holiday-event, kid-friendly, winter, stove-top, dietary, one-dish-meal, seasonal, meat, to-go, equipment, 4-hours-or-less]","[com.ad.teamnine.model.Review@622839a9, com.ad.teamnine.model.Review@31057219, com.ad.teamnine.model.Review@2441ca96, com.ad.teamnine.model.Review@1116a6c6]","[]","com.ad.teamnine.model.Member@484a569c","[]"
"21","Cream  of spinach soup  vegan","Thickened with a mix of cooked oats and vegies, this soup has all the flavor of the original with a fraction of the fat stuff. low in cholestorol too!","2.0","0","2","55","6","10","1","","download.jpg","PUBLIC","64.8","4.0","3.0","13.0","54.0","3.0","2.0","2002-04-08","[in a 3 qt saucepan over medium high heat , saute the onions and scallions in the apple juice and oil for 5 minutes , stirring frequently, add the spinach , parsley and celery, cook for 5-7 minutes , stirring occasionally add the broth , oats , salt , thyme and pepper, bring to a boil , then lower the heat to medium, cover and simmer for 20 minutes, remove from the heat, let the soup cool for 10 minutes, working in batches , puree in a blender until thick and smooth, return to the pot, reheat and serve]","[1 cup onion, minced (169) null, null, null, null, null, null, null, 1/4 cup scallion, chopped (170) null, null, null, null, null, null, null, 1/4 cup apple juice (171) null, null, null, null, null, null, null, 2 teaspoons olive oil (172) null, null, null, null, null, null, null, 2 cups spinach, chopped (173) null, null, null, null, null, null, null, 1/4 cup fresh parsley, chopped (174) null, null, null, null, null, null, null, 1/4 cup celery, chopped (175) null, null, null, null, null, null, null, 4 cups of very garlicky broth (posted separately, or other garlic broth) (176) null, null, null, null, null, null, null, 1/3 cup rolled oats (177) null, null, null, null, null, null, null, 1 teaspoon salt (43) null, null, null, null, null, null, null, 1/4 teaspoon dried thyme (178) null, null, null, null, null, null, null, 1/4 teaspoon white pepper (179) null, null, null, null, null, null, null]","[60-minutes-or-less, time-to-make, course, main-ingredient, preparation, occasion, bisques-cream-soups, main-dish, soups-stews, vegetables, vegan, vegetarian, stove-top, dietary, one-dish-meal, low-cholesterol, low-saturated-fat, low-calorie, comfort-food, low-in-something, taste-mood, equipment]","[com.ad.teamnine.model.Review@7874fcb1, com.ad.teamnine.model.Review@4573cfa8]","[]","com.ad.teamnine.model.Member@28e6158b","[]"
"1","recipe1Name","recipe1Description","0.0","0","0","30","4","","3","This is the notes of recipe 1","download4.jpg","PUBLIC","350.5","","","","","","","2024-02-15","[Cut the bananas and mix well with flour]","[1 whole banana (1) 1.26, 102.97, 26.38, 14.11, 1.16, 0.38, 0.13, 2 cups all-purpose flour (2) 25.75, 910.0, 190.75, 0.675, 5.0, 2.45, 0.3875]","[cuisine, easy]","[]","[]","com.ad.teamnine.model.Member@351ec083","[]"
